"filename", "language", "JavaScript", "JSON", "JavaScript JSX", "MS SQL", "PostCSS", "XML", "Markdown", "HTML", "comment", "blank", "total"
"d:\projects\cinemate\client\README.md", "Markdown", 0, 0, 0, 0, 0, 0, 9, 0, 0, 8, 17
"d:\projects\cinemate\client\eslint.config.js", "JavaScript", 20, 0, 0, 0, 0, 0, 0, 0, 0, 2, 22
"d:\projects\cinemate\client\index.html", "HTML", 0, 0, 0, 0, 0, 0, 0, 13, 0, 1, 14
"d:\projects\cinemate\client\package-lock.json", "JSON", 0, 2944, 0, 0, 0, 0, 0, 0, 0, 1, 2945
"d:\projects\cinemate\client\package.json", "JSON", 0, 31, 0, 0, 0, 0, 0, 0, 0, 1, 32
"d:\projects\cinemate\client\public\favicon.svg", "XML", 0, 0, 0, 0, 0, 1, 0, 0, 0, 0, 1
"d:\projects\cinemate\client\public\icons.svg", "XML", 0, 0, 0, 0, 0, 24, 0, 0, 0, 1, 25
"d:\projects\cinemate\client\src\App.jsx", "JavaScript JSX", 0, 0, 29, 0, 0, 0, 0, 0, 0, 4, 33
"d:\projects\cinemate\client\src\assets\react.svg", "XML", 0, 0, 0, 0, 0, 1, 0, 0, 0, 0, 1
"d:\projects\cinemate\client\src\assets\vite.svg", "XML", 0, 0, 0, 0, 0, 1, 0, 0, 0, 1, 2
"d:\projects\cinemate\client\src\components\DiaryEntry.jsx", "JavaScript JSX", 0, 0, 134, 0, 0, 0, 0, 0, 25, 51, 210
"d:\projects\cinemate\client\src\components\MovieCard.jsx", "JavaScript JSX", 0, 0, 11, 0, 0, 0, 0, 0, 0, 6, 17
"d:\projects\cinemate\client\src\components\Navbar.jsx", "JavaScript JSX", 0, 0, 87, 0, 0, 0, 0, 0, 4, 18, 109
"d:\projects\cinemate\client\src\index.css", "PostCSS", 0, 0, 0, 0, 12, 0, 0, 0, 0, 3, 15
"d:\projects\cinemate\client\src\main.jsx", "JavaScript JSX", 0, 0, 10, 0, 0, 0, 0, 0, 0, 3, 13
"d:\projects\cinemate\client\src\pages\Diary.jsx", "JavaScript JSX", 0, 0, 9, 0, 0, 0, 0, 0, 0, 3, 12
"d:\projects\cinemate\client\src\pages\Home.jsx", "JavaScript JSX", 0, 0, 70, 0, 0, 0, 0, 0, 4, 23, 97
"d:\projects\cinemate\client\src\pages\Login.jsx", "JavaScript JSX", 0, 0, 96, 0, 0, 0, 0, 0, 6, 18, 120
"d:\projects\cinemate\client\src\pages\MovieDeatils.jsx", "JavaScript JSX", 0, 0, 572, 0, 0, 0, 0, 0, 12, 96, 680
"d:\projects\cinemate\client\src\pages\Profile.jsx", "JavaScript JSX", 0, 0, 9, 0, 0, 0, 0, 0, 0, 3, 12
"d:\projects\cinemate\client\src\pages\Register.jsx", "JavaScript JSX", 0, 0, 123, 0, 0, 0, 0, 0, 6, 28, 157
"d:\projects\cinemate\client\src\pages\Search.jsx", "JavaScript JSX", 0, 0, 30, 0, 0, 0, 0, 0, 0, 6, 36
"d:\projects\cinemate\client\src\pages\Watchlist.jsx", "JavaScript JSX", 0, 0, 9, 0, 0, 0, 0, 0, 0, 3, 12
"d:\projects\cinemate\client\vite.config.js", "JavaScript", 6, 0, 0, 0, 0, 0, 0, 0, 1, 3, 10
"d:\projects\cinemate\server\database\schema.sql", "MS SQL", 0, 0, 0, 47, 0, 0, 0, 0, 0, 8, 55
"d:\projects\cinemate\server\package-lock.json", "JSON", 0, 1580, 0, 0, 0, 0, 0, 0, 0, 1, 1581
"d:\projects\cinemate\server\package.json", "JSON", 0, 25, 0, 0, 0, 0, 0, 0, 0, 1, 26
"d:\projects\cinemate\server\src\db.js", "JavaScript", 12, 0, 0, 0, 0, 0, 0, 0, 0, 6, 18
"d:\projects\cinemate\server\src\middleware\authMiddleware.js", "JavaScript", 24, 0, 0, 0, 0, 0, 0, 0, 0, 4, 28
"d:\projects\cinemate\server\src\routes\authRoutes.js", "JavaScript", 82, 0, 0, 0, 0, 0, 0, 0, 0, 16, 98
"d:\projects\cinemate\server\src\routes\movieRoutes.js", "JavaScript", 260, 0, 0, 0, 0, 0, 0, 0, 0, 58, 318
"d:\projects\cinemate\server\src\server.js", "JavaScript", 48, 0, 0, 0, 0, 0, 0, 0, 0, 10, 58
"d:\projects\cinemate\server\src\services\tmdbService.js", "JavaScript", 39, 0, 0, 0, 0, 0, 0, 0, 1, 3, 43
"Total", "-", 491, 4580, 1189, 47, 12, 27, 9, 13, 59, 390, 6817